{"global_step": 100096, "_timestamp": 1718020501.567329, "time/fps": 63.0, "_runtime": 1582.0621988773346, "_step": 781, "train/approx_kl": 0.005140536930412054, "train/clip_fraction": 0.01875000074505806, "train/clip_range": 0.20000000298023224, "train/entropy_loss": -0.7506037354469299, "train/explained_variance": -0.003403186798095703, "train/learning_rate": 0.0003000000142492354, "train/loss": -0.007851317524909973, "train/policy_gradient_loss": -0.0033753477036952972, "train/value_loss": 0.00025835612905211747, "rollout/ep_len_mean": 665.0900268554688, "rollout/ep_rew_mean": -0.2984960079193115, "_wandb": {"runtime": 1584}}